NAME,DESCRIPTION,ADDRESSSTREETNAME,HYPERLINK,PHOTOURL,URL_PATH,IMAGE_ALT_TEXT,PHOTOCREDITS,LASTMODIFIED,LATITUDE,LONGTITUDE,META_DESCRIPTION,OPENING_HOURS,Lat,Lng,ICON_NAME,ADDRESSPOSTALCODE
"Chinatown Heritage Centre, Singapore",Experience how Singapore’s early Chinese migrants once lived and learn more about local Chinese culture at the Chinatown Heritage Centre.,48 Pagoda Street,http://www.singaporechinatown.com.sg/,www.yoursingapore.com/content/dam/desktop/global/see-do-singapore/culture-heritage/chinatown-heritage-centre-carousel01-rect.jpg,www.yoursingapore.com/en/see-do-singapore/culture-heritage/heritage-discovery/chinatown-heritage-centre.html,Learn more about local Chinese culture at the Singapore Chinatown Heritage Centre.,Joel Chua DY,2015-11-02T10:16:52.847+08:00,1.28351,103.84435,"At the Chinatown Heritage Centre, experience how Singapore’s early Chinese migrants once lived and learn more about local Chinese culture.","Daily, 9am – 8pm,Last entry at 7pm.*Chinatown Heritage Centre will be closed for renovation from 1 October 2014 till end-2015.",1.28351000044155,103.844350000081,tourist_spot.gif,NA
"Thian Hock Keng Temple, Singapore","Beautifully restored, Thian Hock Keng Temple is the oldest Chinese temple in Singapore and dedicated to Mazu, the Goddess of the Sea.",158 Telok Ayer Street,http://www.thianhockkeng.com.sg,www.yoursingapore.com/content/dam/desktop/global/see-do-singapore/culture-heritage/thian-hock-kheng-temple-carousel01-rect.jpg,www.yoursingapore.com/en/see-do-singapore/culture-heritage/places-of-worship/thian-hock-keng-temple.html,"The Thian Hock Keng Temple in Singapore is dedicated to Mazu, the Goddess of the Sea.",Joel Chua DY,2015-11-02T10:20:57.245+08:00,1.28094,103.84763,"Thian Hock Keng Temple is the oldest Chinese temple in Singapore and dedicated to Mazu, the Goddess of the Sea.","Daily, 7.30am – 5.30pm",1.28093999972187,103.847629999838,tourist_spot.gif,NA
Eurasian Heritage Centre: Singapore Attraction,This engaging heritage attraction takes you through the history and culture of the Eurasian community in Singapore.,139 Ceylon Road,http://www.eurasians.org.sg/,www.yoursingapore.com/content/dam/desktop/global/see-do-singapore/culture-heritage/eurasian-heritage-centre-carousel01-rect.jpg,www.yoursingapore.com/en/see-do-singapore/culture-heritage/heritage-discovery/eurasian-heritage-centre.html,Discover the history and culture of the Eurasian community in Singapore.,Joel Chua DY,2015-11-02T10:13:25.883+08:00,1.31007,103.89942,This engaging heritage attraction takes you through the history and culture of the Eurasian community in Singapore.,"Tuesday to Sunday, 9am – 6pm, Closed on Monday",1.31007000037575,103.899420000114,tourist_spot.gif,NA
Shophouses,"With many beautifully preserved examples on hand today, the shophouses in Singapore are prime examples of timeless architectural appeal.",NA,NA,www.yoursingapore.com/content/dam/desktop/global/see-do-singapore/architecture/shophouses-typology-carousel01-rect.jpg,www.yoursingapore.com/en/see-do-singapore/architecture/historical/shophouses-typology.html,The varying styles of Singapore's shophouses are a showcase of our evolving architecture.,NA,2015-11-02T10:15:26.429+08:00,1.2772186,103.8373356,"Few buildings epitomise our culture as fully as the shophouse, with its surprisingly harmonious mix of diverse design elements.",NA,1.27721860026293,103.837335599668,tourist_spot.gif,0
Capitol Building Singapore,The queen of Singapore cinemas will soon reclaim her crown as the premier entertainment hub when Capitol Building reopens next year.,11 Stamford Road,http://www.capitolsingapore.com,www.yoursingapore.com/content/dam/desktop/global/see-do-singapore/architecture/capitol-building-carousel01-rect-norender.jpg,www.yoursingapore.com/en/see-do-singapore/architecture/historical/capitol-building-singapore.html,The Capitol Building's distinctive facade adds a touch of grandeur to the cityscape.,NA,2015-11-02T10:06:38.723+08:00,1.29354,103.85157,"Now undergoing massive restoration works, Capitol Building will emerge as Singapore’s premier entertainment hub next year.",NA,1.29353999981493,103.851570000039,tourist_spot.gif,NA
Esplanade Theatre,This boldly designed performing arts centre has become a memorable part of Singapore’s skyline.,1 Esplanade Drive,http://www.esplanade.com,www.yoursingapore.com/content/dam/desktop/global/see-do-singapore/architecture/the-esplanade-theatres-on-the-bay-carousel01-rect.jpg,www.yoursingapore.com/en/see-do-singapore/architecture/modern/esplanade-theatres-on-the-bay.html,Catch a world-class opera or pop concert at Singapore’s premier performing arts centre.,NA,2015-11-02T09:14:44.054+08:00,1.28986,103.85528,The Esplanade is boldly designed performing arts centre that has become a memorable part of Singapore’s skyline.,NA,1.28985999957014,103.855279999976,tourist_spot.gif,NA
Gardens by the Bay,"The lush and beautiful Gardens by the Bay is dominated by the sleekly sculptured biodomes – marvels of architecture, design and engineering.",18 Marina Gardens Drive,http://www.gardensbythebay.com.sg,www.yoursingapore.com/content/dam/desktop/global/see-do-singapore/architecture/gardens-by-the-bay-carousel01-rect.jpg,www.yoursingapore.com/en/see-do-singapore/architecture/modern/gardens-by-the-bay.html,"Gardens by the Bay seamlessly blends sleek design, cutting-edge technology and fun.",NA,2015-11-02T09:42:14.206+08:00,1.281568,103.863613,"Biodomes, baobabs and the blossoming bounty of every conceivable plant will bowl you over at Gardens by the Bay.","Outdoor Gardens: 5am – 2am,Conservatories: 9am – 9pm,OCBC Skyway: 9am – 9pm",1.2815679999757,103.863612999906,tourist_spot.gif,NA
The Interlace,There’s more than meets the eye in The Interlace’s artful arrangement of residential blocks.,180-226 Depot Road,http://www.theinterlace.com,NA,www.yoursingapore.com/en/see-do-singapore/architecture/modern/the-interlace.html,NA,NA,2015-11-02T09:19:31.553+08:00,1.28199,103.80305,"Few buildings demonstrate out-of-the-box thinking as well as The Interlace, an intriguingly designed residential complex.",NA,1.28199000006396,103.80305000026,tourist_spot.gif,NA
PARKROYAL on Pickering,PARKROYAL on Pickering is a luxurious garden oasis in downtown Singapore.,3 Upper Pickering Street,http://www.parkroyalhotels.com/en/hotels-resorts/singapore/pickering.html,www.yoursingapore.com/content/dam/desktop/global/see-do-singapore/architecture/parkroyal-pickering-carousel01-rect.jpg,www.yoursingapore.com/en/see-do-singapore/architecture/modern/parkroyal-on-pickering.html,Pamper yourself and save the world at the same time at PARKROYAL on Pickering.,NA,2015-11-02T09:34:05.378+08:00,1.285563,103.846522,PARKROYAL on Pickering is a luxurious garden oasis in downtown Singapore.,NA,1.28556299968549,103.846521999998,tourist_spot.gif,NA
Lasalle College of the Arts,How can something that fits so perfectly into a cityscape evoke nature as well? It all lies in the design of Lasalle College of the Arts.,1 McNally Street,https://www.lasalle.edu.sg,www.yoursingapore.com/content/dam/desktop/global/see-do-singapore/architecture/503-lasalle-college-of-the-arts-carousel01-rect..jpg,www.yoursingapore.com/en/see-do-singapore/architecture/modern/lasalle-college-of-the-arts.html,Lasalle College of the Arts pushes the boundaries of creativity in architecture,Lasalle College of the Arts,2015-11-02T09:49:08.755+08:00,1.3029,103.8516,"Lasalle College of the Arts evokes awe with its bold, graphic lines and stunning reinterpretation of nature.","Administration Office, Monday to Friday, 9am to 6pm. Visitors can still walk around the campus after office opening hours",1.30290000041802,103.851600000365,tourist_spot.gif,NA
Old Supreme Court Singapore,"From dispensing justice to displaying art, the Old Supreme Court undergoes an overhaul for its new role as the National Gallery Singapore.",1 St Andrew's Road,http://app.supremecourt.gov.sg/,www.yoursingapore.com/content/dam/desktop/global/see-do-singapore/architecture/old-supreme-court-carousel01-rect.jpg,www.yoursingapore.com/en/see-do-singapore/architecture/historical/old-supreme-court.html,The Old Supreme Court lends a stately presence to the heart of Singapore city.,NA,2015-11-02T09:51:34.087+08:00,1.2897,103.85128,"Due to reopen as the National Gallery Singapore, the Old Supreme Court is in itself a masterpiece of classical art.",Expected to open in 2015,1.28970000014557,103.851279999897,tourist_spot.gif,NA
SIT Flats Singapore,Take a walk back in time through the Art Deco architecture in the heritage neighbourhood of Tiong Bahru.,Seng Poh Road and Tiong Bahru Road,NA,www.yoursingapore.com/content/dam/desktop/global/see-do-singapore/architecture/sit-flat-carousel01-rect.jpg,www.yoursingapore.com/en/see-do-singapore/architecture/historical/sit-flats.html,The charm of Tiong Bahru comes to life through its Art Deco architecture.,NA,2015-11-02T10:09:11.340+08:00,1.28351,103.8336,The Art Deco elegance of the flats in Tiong Bahru speak of the richness of a vanished world.,NA,1.28350999988753,103.833600000006,tourist_spot.gif,0
Lau Pa Sat Singapore,"The grande dame of markets in Singapore, Lau Pa Sat blends history, striking architecture and scrumptious local food into one heady experience.",18 Raffles Quay,http://www.laupasat.biz,www.yoursingapore.com/content/dam/desktop/global/see-do-singapore/architecture/lau-pa-sat-carousel01-rect.jpg,www.yoursingapore.com/en/see-do-singapore/architecture/historical/lau-pa-sat.html,"Lau Pa Sat blends graceful colonial architecture, heritage and delicious food.",NA,2015-11-02T09:59:12.640+08:00,1.28072,103.85044,"The historic market Lau Pa Sat offers a winning combination of graceful colonial architecture, a longstanding heritage and delicious food.","Daily, 24 hours",1.28072000015567,103.850439999873,tourist_spot.gif,NA
"Malay Heritage Centre, Singapore",The Malay Heritage Centre is a must-visit if you’re keen on learning about the rich heritage and culture of Singapore’s Malay community.,85 Sultan Gate,http://www.malayheritage.org.sg,www.yoursingapore.com/content/dam/desktop/global/see-do-singapore/culture-heritage/malay-heritage-centre-carousel01-rect.jpg,www.yoursingapore.com/en/see-do-singapore/culture-heritage/heritage-discovery/malay-heritage-centre.html,Delve into the rich heritage and culture of Singapore’s Malay community.,NA,2015-11-02T10:08:04.332+08:00,1.30309,103.85986,The Malay Heritage Centre is a must-visit if you’re keen on learning about the rich heritage and culture of Singapore’s Malay community.,"Malay Heritage Centre Museum, Tuesday to Sunday, 10am – 6pm, Closed on Monday, Malay Heritage Centre Compound, Tuesday to Sunday, 8am – 8pm, Friday and Saturday, 8am – 10pm, Closed on Monday",1.30308999956509,103.859860000297,tourist_spot.gif,NA
Peranakan Museum Singapore: History & Culture,"Get to know Singapore’s vibrant Peranakan community and history at this top-notch museum, filled with fine artefacts and fun exhibits.",39 Armenian Street,http://peranakanmuseum.org.sg/,www.yoursingapore.com/content/dam/desktop/global/see-do-singapore/culture-heritage/peranakan-museum-carousel01-rect.jpg,www.yoursingapore.com/en/see-do-singapore/culture-heritage/heritage-discovery/peranakan-museum.html,"Many communities, one nation. Find out more about our people, such as the ubiquitous Peranakans.",NA,2015-11-02T10:11:13.152+08:00,1.29421,103.8492,"At the Peranakan Museum, get to know Singapore’s vibrant Peranakan community and its eclectic culture and history with fun and interactive exhibits.","Saturday to Thursday, 10am – 7pm, Friday, 10am – 9pm",1.29421000004168,103.849199999901,tourist_spot.gif,NA
Raffles Singapore,"Hark back to a golden age of elegant refinement and gracious living at Raffles Singapore, where the past reawakens to glorious life.",1 Beach Road,http://www.raffleshotel.com,www.yoursingapore.com/content/dam/desktop/global/see-do-singapore/architecture/raffles-hotel-carousel03-rect.jpg,www.yoursingapore.com/en/see-do-singapore/architecture/historical/raffles-hotel.html,The iconic Raffles Hotel has been home to both tall tales and famous folks.,"Raffles Hotel, Singapore",2015-11-02T10:11:09.028+08:00,1.29579,103.85404,"Sip a Singapore Sling beneath the whirling fans at the Long Bar, and let the tranquil charms of Raffles Singapore bring you back into another era.","Daily, 24 hours",1.29578999962302,103.854039999812,tourist_spot.gif,NA
Gillman Barracks – YourSingapore,A former British military camp is now Asia's new Destination for Contemporary Art.,9 Lock Road,https://www.gillmanbarracks.com/,www.yoursingapore.com/content/dam/desktop/global/see-do-singapore/arts/543-GillmanBarracks-Carousel01-rect.jpg,www.yoursingapore.com/en/see-do-singapore/arts/performance-arts/gillman-barracks.html,NA,Gillman Barracks,2015-11-03T10:00:29.955+08:00,1.2784,103.80459,"Gillman Barracks Singapore is Asia’s vibrant new destination for the creation, exhibition and discussion of contemporary art.","Tuesday to Saturday, 11am - 7pm, Sunday, 11am - 6pm , Galleries closed on Monday and public holidays.",1.27839999975018,103.804589999669,tourist_spot.gif,NA
Pinnacle@Duxton,The soaring lines and stunning views of majestic residential estate Pinnacle at Duxton will make you forget your fear of heights. Almost.,1 Cantonment Road,http://www.pinnacleduxton.com.sg,www.yoursingapore.com/content/dam/desktop/global/see-do-singapore/architecture/the-pinnacle-duxton-carousel01-rect.jpg,www.yoursingapore.com/en/see-do-singapore/architecture/modern/pinnacle-at-duxton.html,The Pinnacle@Duxton's architecture is a refreshing change in a sea of concrete blocks.,Malcolm Tredinnick,2015-11-02T09:37:49.535+08:00,1.27549,103.84142,"With its lofty towers and dizzying sky gardens, the Pinnacle at Duxton takes residential living to soaring new heights.","50th storey Skybridge, Daily, 9am –10pm",1.27549000006861,103.841420000346,tourist_spot.gif,NA
Hajjah Fatimah Mosque,The Hajjah Fatimah Mosque will captivate you with its intriguing blend of cross-cultural architectural influences.,4001 Beach Road,NA,/content/dam/desktop/global/see-do-singapore/architecture/hajjah-fatimah-mosque-carousel01-rect.jpg,www.yoursingapore.com/en/see-do-singapore/architecture/historical/hajjah-fatimah-mosque.html,The Hajjah Fatimah Mosque in Singapore features an intriguing blend of cross-cultural architectural influences.,NA,2015-11-02T09:55:25.479+08:00,1.30291,103.86285,"With its tilting European-style minaret and Chinese tiling, the Hajjah Fatimah Mosque is one of the most unique mosques in Singapore.","Daily, 9am –9pm",1.30291000024041,103.862849999868,tourist_spot.gif,NA
Haw Par Villa: Singapore Theme Park,Embark on an unforgettable journey into Chinese folklore and mythology at the Haw Par Villa theme park.,262 Pasir Panjang Road,NA,NA,www.yoursingapore.com/en/see-do-singapore/culture-heritage/heritage-discovery/haw-par-villa.html,NA,NA,2015-11-02T10:03:18.577+08:00,1.28551,103.78314,A visit to the Haw Par Villa theme park is an unforgettable journey into Chinese folklore and mythology.,"Daily, 9am – 7pm",1.28551000025608,103.78314000043,tourist_spot.gif,NA
NUS Baba House - Singapore Peranakan Architecture,"This heritage house lends rich insight into Singapore's Peranakan community, thanks to beautifully preserved architecture and artefacts.",157 Neil Road,http://www.nus.edu.sg/museum/baba,www.yoursingapore.com/content/dam/desktop/global/see-do-singapore/culture-heritage/baba-house-carousel02-rect.jpg,www.yoursingapore.com/en/see-do-singapore/culture-heritage/heritage-discovery/nus-baba-house.html,Beautifully preserved architecture and artefacts make the NUS Baba House a must-visit.,NA,2015-11-02T10:05:26.618+08:00,1.27731,103.83731,"NUS Baba House is a heritage house that gives a rich look at Singapore's Peranakan community, thanks to beautifully preserved architecture and artefacts.","Visits are by appointment only.Visitors must sign up in advance for heritage tours which fall on:Monday, 2pm – 3pm,Tuesday, 6.30pm – 7.30pm,Thursday, 10am – 11am,Saturday, 11am – 12pm",1.27730999994787,103.83730999959,tourist_spot.gif,NA
Hong San See Temple Singapore,"Restored by expert craftsmen from China, the Hong San See temple has been brought back to its full glory.",31 Mohamed Sultan Road,NA,NA,www.yoursingapore.com/en/see-do-singapore/architecture/historical/hong-san-see.html,NA,NA,2015-11-02T10:04:31.503+08:00,1.29316,103.841222,Dancing dragons and prancing phoenixes are just some of the visual delights to catch at the exquisitely restored Hong San See temple.,Daily,1.29316000042392,103.841222000025,tourist_spot.gif,NA
"Chinese Heritage Centre, Singapore",The Chinese Heritage Centre in Singapore is where you can find out more about overseas Chinese communities and their culture.,12 Nanyang Drive,http://chc.ntu.edu.sg/,www.yoursingapore.com/content/dam/desktop/global/see-do-singapore/culture-heritage/chinese-heritage-centre-carousel02-rect.jpg,www.yoursingapore.com/en/see-do-singapore/culture-heritage/heritage-discovery/chinese-heritage-centre.html,Explore questions on ethnic identity such as what it means to be a Chinese.,"Chinese Heritage Centre, NTU",2015-11-02T09:59:33.922+08:00,1.34379,103.68398,The Chinese Heritage Centre in Singapore is where you can find out more about overseas Chinese communities and their culture.,"Monday to Friday, 9.30am – 5pm,Saturday and Sunday, 10am –5pm, Closed on public holidays",1.34379000014733,103.683980000372,tourist_spot.gif,NA
Kampong Glam & Malay Culture in Singapore,"Discover Kampong Glam's rich history, living traditions, excellent eateries and trendy shops in this vibrant neighbourhood.",3 Muscat Street,http://www.kampongglam.org.sg/,www.yoursingapore.com/content/dam/desktop/global/see-do-singapore/places-to-see/kampong-glam-carousel01-rect-norender.jpg,www.yoursingapore.com/en/see-do-singapore/places-to-see/kampong-glam.html,"Delve into Malay culture at the heart of its community, Kampong Glam Singapore.",NA,2015-10-22T12:28:04.683+08:00,1.30238,103.8595,"Discover the heart of Singapore’s Malay community, living traditions, excellent eateries and trendy shops in vibrant Kampong Glam.",NA,1.30238000020279,103.859500000397,tourist_spot.gif,NA
Contemporary Arts Center,"This university arts research centre explores contemporary art through exhibitions, public programmes, residencies and research programmes.",43 Malan Road,http://www.ntu.ccasingapore.org/,www.yoursingapore.com/content/dam/desktop/global/see-do-singapore/arts/afiq_omar_rect.jpg,www.yoursingapore.com/en/see-do-singapore/arts/performance-arts/centre-for-contemporary-art.html,"The Contemporary Arts Center hosts exhibitions, live performances, film screenings and talks by visiting artists and curators.",Courtesy of NTU CCA Singapore,2015-10-20T12:34:59.810+08:00,1.275,103.8045,The Contemporary Arts Center at the Nanyang Technological University uses a variety of medium to explore contemporary art.,"Tuesday to Sunday, 12pm – 7pm Friday, 12pm – 9pm , Closed on Monday. Open on public holiday.",1.27500000017978,103.804499999613,tourist_spot.gif,NA
"The Substation, Singapore Contemporary Art Centre",This experimental arts centre gives a space for contemporary artists to try out new concepts.,45 Armenian Street,http://www.substation.org,NA,www.yoursingapore.com/en/see-do-singapore/arts/performance-arts/the-substation.html,NA,NA,2015-10-20T12:32:55.819+08:00,1.2944,103.84934,The Substation is an experimental arts centre that gives a space for contemporary artists to try out new concepts.,"The Substation Box Office ,Monday to Friday, 12pm - 2pm and 5pm - 8pm.Saturday and Sunday, open an hour prior to weekend showtimes. Closed on public holidays.The Substation Gallery Daily, 12pm – 9pm Closed on public holidays",1.29439999987209,103.849340000371,tourist_spot.gif,NA
"Red Dot Design Museum, Singapore","This museum holds more than 1,000 award-winning products, communications and concepts that will delight design fans.","28 Maxwell Road, Red Dot Traffic",http://museum.red-dot.sg,www.yoursingapore.com/content/dam/desktop/global/see-do-singapore/arts/red-dot-design-museum-carousel01-rect.jpg,www.yoursingapore.com/en/see-do-singapore/arts/museums-galleries/red-dot-design-museum.html,Award-winning exhibits at the Red Dot Design Museum in Singapore are sure to delight design fans.,Red Dot Museum,2015-10-20T12:16:22.647+08:00,1.27828,103.84572,"The Red Dot Design Museum holds more than 1,000 products and items that are winners for their good design.","Monday - Friday, 11am – 6 pm, Saturday and Sunday, 11am – 8 pm",1.27828000026461,103.845720000155,tourist_spot.gif,NA
Singapore Art Museum,"Singapore Art Museum is Singapore’s contemporary art museum, focused on Southeast Asian contemporary art.",71 Bras Basah Road,http://www.singaporeartmuseum.sg,www.yoursingapore.com/content/dam/desktop/global/see-do-singapore/arts/singapore-art-museum-carousel01-rect-norender.jpg,www.yoursingapore.com/en/see-do-singapore/arts/museums-galleries/singapore-art-museum.html,Get to know the works of contemporary artists around Southeast Asia at the Singapore Art Museum.,NA,2015-10-20T11:37:44.504+08:00,1.297424,103.851068,The Singapore Art Museum houses the world’s largest public collection of contemporary Southeast Asian artworks.,"Monday to Thursday, 10am – 7pm, Friday, 10am – 9pm",1.29742399966641,103.851067999561,tourist_spot.gif,NA
Esplanade Theatres on the Bay,Catch a non-stop line-up of world-class performances at Singapore’s premier arts centre.,1 Esplanade Drive,http://www.esplanade.com/index.jsp,www.yoursingapore.com/content/dam/desktop/global/see-do-singapore/arts/the-esplanade-carousel01-rect.jpg,www.yoursingapore.com/en/see-do-singapore/arts/performance-arts/esplanade-theatres-on-the-bay.html,"Get your dose of creativity at Esplanade Theatres on the Bay, Singapore's premier arts centre.","Mori Hidetaka, Courtesy of Esplanade – Theatres on the Bay",2015-10-20T12:21:35.825+08:00,1.2898,103.85528,Esplanade Theatres on the Bay is the country’s premier arts centre as well as an iconic landmark on the city’s skyline.,"Box Office Opening Hours Daily, 12pm – 8.30pm, The Esplanade Box Office will open 1 hour prior to show commencement for shows before 12 noon and will remain open up to half an hour after show commencement for shows starting after 8.30pm.",1.28980000039125,103.85528000036,tourist_spot.gif,NA
"National Design Centre, Singapore","The National Design Centre is the nexus for all things design. It hosts design exhibitions, events and programmes that will quicken the pulse of design lovers.",111 Middle Road,http://www.designsingapore.org/ndc/About_NDC.aspx,www.yoursingapore.com/content/dam/desktop/global/see-do-singapore/arts/national-design-centre-carousel01-rect.jpg,www.yoursingapore.com/en/see-do-singapore/arts/museums-galleries/national-design-centre.html,"Explore the wonderful world of design at the National Design Centre, Singapore.",National Design Centre,2015-10-20T11:24:02.450+08:00,1.29882,103.85351,The National Design Centre is a design lover’s dream destination.,"Daily, 9.00am – 9.00pm",1.29882000029907,103.853509999977,tourist_spot.gif,NA
Victoria Theatre Singapore,"After a four-year refurbishment, the Victoria Theatre and Concert Hall has since reopened, with its first official concert held there in August 2014.",11 Empress Place,https://www.nac.gov.sg/arts-spaces/nac-arts-venues,www.yoursingapore.com/content/dam/desktop/global/see-do-singapore/arts/victoria-theatre-concert-hall-caurousel01-rect.jpg,www.yoursingapore.com/en/see-do-singapore/arts/performance-arts/victoria-theatre-concert-hall.html,"Catch world-class performances at stunning venues, like The Victoria Theatre and Concert Hall.",NA,2015-10-22T09:40:49.148+08:00,1.28837,103.851641,The historic Victoria Theatre and Concert Hall has been transformed to meet the needs of a modern audience.,"Daily, 10am – 9pm",1.28836999974441,103.851641000048,tourist_spot.gif,NA
"NUS University Museum, Singapore",Get a deeper insight into Asian art and artefacts at this museum on the campus of the National University of Singapore.,"50 Kent Ridge Crescent, National University of Singapore",http://www.nus.edu.sg/cfa/museum/,www.yoursingapore.com/content/dam/desktop/global/see-do-singapore/arts/nus-museum-carousel01-rect.jpg,www.yoursingapore.com/en/see-do-singapore/arts/museums-galleries/nus-museum.html,"The NUS Museum in Singapore houses more than 8,000 exhibits that take you back to the past.",NA,2015-10-20T11:32:34.809+08:00,1.3017749,103.7726864,Get a deeper insight into Asian art and artefacts at NUS Museum at Singapore’s leading university.,"Tuesday to Friday, 10am – 7.30pm,Saturday and Sunday, 10am – 6pm",1.30177490022966,103.772686400217,tourist_spot.gif,NA
Sun Yat Sen Memorial Hall,This revamped museum is a fitting tribute to the intriguing life and times of Chinese revolutionary leader Dr Sun Yat Sen.,12 Tai Gin Road,http://www.sysnmh.org.sg,www.yoursingapore.com/content/dam/desktop/global/see-do-singapore/history/sun-yat-sen-memorial-hall-carousel01-rect.jpg,www.yoursingapore.com/en/see-do-singapore/history/memorials/sun-yat-sen-memorial-hall.html,The Sun Yat Sen Memorial Hall pays tribute to the revolutionary leader.,Choo Yut Shing,2015-10-26T14:46:02.086+08:00,1.32795,103.84692,The Sun Yat Sen Memorial Hall is a fitting tribute to the intriguing life and times of Chinese revolutionary leader Dr Sun Yat Sen.,"Tuesday to Sunday, 10am – 5pm, Closed on Monday",1.32794999992872,103.846919999683,tourist_spot.gif,NA
Asian Civilisations Museum & Singapore Museum,"Housed in a historical building by the Singapore River, this museum tells the stories of Asian civilisations through its permanent collections.",1 Empress Place,http://acm.org.sg/,www.yoursingapore.com/content/dam/desktop/global/see-do-singapore/history/asian-civilizations-museum-carousel01-rect.jpg,www.yoursingapore.com/en/see-do-singapore/history/history-museums/asian-civilizations-museum.html,"The Asian Civilizations Museum, Singapore is a historic building that tells the story of Asian civilisation.",National Heritage Board,2015-10-26T14:28:34.961+08:00,1.287384,103.851723,"Housed in a historical building by the Singapore River, this museum is a microcosm of Asian civilisations spread over 11 galleries.","Saturday to Thursday, 10am – 7pm, Friday, 10am – 9pm",1.28738400000619,103.851723000111,tourist_spot.gif,NA
National Museum of Singapore,Singapore’s oldest museum is a progressive showcase of the country’s history and culture.,93 Stamford Road,http://nationalmuseum.sg/,www.yoursingapore.com/content/dam/desktop/global/see-do-singapore/history/national-museum-of-singapore-carousel01-rect.jpg,www.yoursingapore.com/en/see-do-singapore/history/history-museums/national-museum-of-singapore.html,The National Museum of Singapore building is also an architectural icon that is stunning to behold.,National Heritage Board,2015-10-26T14:25:34.625+08:00,1.29689,103.84883,The National Museum of Singapore is a progressive showcase of the country’s history and culture.,"Singapore History Gallery Daily, 10am – 6pm,Last admission at 5.30pm.Singapore Living Galleries Daily, 10am – 8pm Free admission from 6pm –8pm , Last admission at 7.30pm",1.29688999970951,103.848829999797,tourist_spot.gif,NA
The Japanese Cemetery Park,"Located in Hougang, this is the largest Japanese cemetery in Southeast Asia and the burial ground of Singapore’s early Japanese community.",825B Chuan Hoe Avenue,NA,www.yoursingapore.com/content/dam/desktop/global/see-do-singapore/history/japanese-cemetery-park-carousel01-rect.jpg,www.yoursingapore.com/en/see-do-singapore/history/memorials/japanese-cemetery-park.html,"The Japanese Cemetery Park holds the ashes of thousands of Japanese soldiers, marines and airmen killed during World War II.",NA,2015-10-26T14:42:00.436+08:00,1.36431,103.87584,"The Japanese Cemetery Park is the largest Japanese cemetery in Southeast Asia, containing nearly 1,000 graves of Singapore’s early Japanese community.",Daily,1.36431000015172,103.875839999999,tourist_spot.gif,NA
"Dalhousie Obelisk, a Singapore Landmark",Dalhousie Obelisk at Empress Place is a famous architectural landmark in Singapore.,1 Empress Place,NA,www.yoursingapore.com/content/dam/desktop/global/see-do-singapore/history/dalhousie-obelisk-carousel01-rect.jpg,www.yoursingapore.com/en/see-do-singapore/history/memorials/dalhousie-obelisk.html,The Dalhousie Obelisk is a historically significant piece of Singapore architecture.,Joel Chua DY,2015-10-26T14:38:19.671+08:00,1.28704,103.85238,Dalhousie Obelisk at Empress Place is a famous architectural landmark in Singapore.,Daily,1.28704000008817,103.85237999961,tourist_spot.gif,NA
Raffles Statue – Sir Stamford Raffles Landing Site,"The sculpture depicts Sir Stamford Raffles, founder of modern Singapore. Two statues exist, at the Raffles Landing Site and Empress Place.","Raffles Landing Site , 59 Boat Quay",NA,NA,www.yoursingapore.com/en/see-do-singapore/history/memorials/sir-raffles-statue-landing-site.html,NA,NA,2015-10-26T14:48:54.546+08:00,1.287766,103.850845,"Raffles Statue depicts the founder of modern Singapore, Sir Stamford Raffles. Two statues exist today, at the Raffles Landing Site and Empress Place.",Daily,1.28776599999073,103.850845000128,tourist_spot.gif,NA
Singapore Philatelic Museum,The Singapore Philatelic Museum offers windows into Singapore and the world through stamps.,23-B Coleman Street,http://spm.org.sg,www.yoursingapore.com/content/dam/desktop/global/see-do-singapore/history/singapore-philatetic-museum-carousel01-rect.jpg,www.yoursingapore.com/en/see-do-singapore/history/history-museums/philatelic-museum.html,Take a colourful trip back in time at this Singapore museum dedicated to postage stamps and related materials.,Singapore Philatelic Museum,2015-10-26T14:31:26.106+08:00,1.29294,103.8487,The Philatelic Museum offers visitors postage stamp-sized windows into Singapore and the rest of the world.,"Monday, 1pm – 7pm,Tuesday to Sunday, 9.30am – 7pm",1.29294000001091,103.84869999984,tourist_spot.gif,NA
Old Ford Factory Singapore Museum,The Old Ford Factory holds an archive of memories about Singapore's wartime occupation by the Japanese.,351 Upper Bukit Timah Road,http://www.nas.gov.sg/moff/Home.aspx,www.yoursingapore.com/content/dam/desktop/global/see-do-singapore/history/memories-at-ford-factory-carousel01-rect.jpg,www.yoursingapore.com/en/see-do-singapore/history/history-museums/memories-at-ford-factory.html,"The site of the first Ford plant in Southeast Asia, the Old Ford Factory in Singapore is a journey to the past.",Joel Chua DY,2015-10-26T14:21:11.852+08:00,1.35232,103.76883,The Old Ford Factory is a repository of memories about the hardships endured during the Japanese Occupation of Singapore.,"Monday to Saturday, 9am – 5.30pm,Sunday, 12pm – 5.30pm",1.35231999982847,103.768829999903,tourist_spot.gif,NA
Singapore Coins and Notes Museum & Museum Singapore,The rare collection of currencies on display here tells Singapore’s story through the money it has used over the years.,"40 Pagoda Street, Level 1",http://www.singaporecoinsandnotesmuseum.com/index1.php,www.yoursingapore.com/content/dam/desktop/global/see-do-singapore/history/singapore-coins-and-notes-museum-carousel01-rect.jpg,www.yoursingapore.com/en/see-do-singapore/history/history-museums/singapore-coins-notes-museum.html,Explore the city of Singapore through its coins and notes over the years at the Singapore Coins and Notes Museum.,Joel Chua DY,2015-10-26T14:00:10.268+08:00,1.28343,103.84452,The Singapore Coins and Notes Museum tells the story of Singapore through the currencies it has used over the years.,"Daily, 10am – 8pm",1.28342999957957,103.844519999757,tourist_spot.gif,NA
Singapore City Gallery,The Singapore City Gallery tells the story of the city’s physical transformation.,"45 Maxwell Road, The URA Centre",http://www.ura.gov.sg/uol/citygallery.aspx,www.yoursingapore.com/content/dam/desktop/global/see-do-singapore/history/singapore-city-gallery-carousel02-rect.jpg,www.yoursingapore.com/en/see-do-singapore/history/history-museums/singapore-city-gallery.html,NA,NA,2015-10-26T14:11:48.280+08:00,1.27987,103.84513,The Singapore City Gallery tells the story of the city’s physical transformation.,"Monday to Saturday, 9am – 5pm",1.27986999960572,103.845129999917,tourist_spot.gif,NA
Changi Museum Singapore,Changi Museum provides an emotional exploration of Singapore’s wartime history during the Japanese Occupation.,1000 Upper Changi Road North,http://www.changimuseum.sg,www.yoursingapore.com/content/dam/desktop/global/see-do-singapore/history/changi-museum-carousel01-rect.jpg,www.yoursingapore.com/en/see-do-singapore/history/history-museums/changi-museum.html,Explore our wartime past by learning about the Fall of Singapore and the infamous Changi Prison.,Joel Chua DY,2015-10-26T14:03:31.564+08:00,1.36218,103.97403,Changi Museum provides an emotional exploration of Singapore’s wartime history during the Japanese Occupation.,"Daily, 9:30am – 5pm,(Last admission: 4.30pm)",1.3621800001889,103.974030000359,tourist_spot.gif,NA
MINT Museum of Toys Singapore & Toy Museum,This toy museum will delight both adults and kids with the vast collection of vintage toys and memorabilia from around the world.,26 Seah Street,http://www.emint.com,www.yoursingapore.com/content/dam/desktop/global/see-do-singapore/history/mint-museum-of-toys-carousel02-rect.jpg,www.yoursingapore.com/en/see-do-singapore/history/history-museums/mint-musuem-of-toys.html,"More than 50,000 vintage toys from as many as 40 countries are on display at this Singapore toy museum.",NA,2015-10-26T14:08:00.518+08:00,1.29631,103.85439,Singapore's MINT Museum of Toys' vast collection of vintage toys will delight both kids and adults.,"Daily, 9.30am – 6.30pm",1.29631000013178,103.854390000265,tourist_spot.gif,NA
Lim Bo Seng Memorial,This gazetted national monument at Esplanade Park commemorates one of Singapore’s heroes from World War II.,"Esplanade Park, Connaught Drive",http://www.nhb.gov.sg/places/sites-and-monuments/national-monuments/esplanade-park-memorials,www.yoursingapore.com/content/dam/desktop/global/see-do-singapore/history/lim-bo-seng-memorial-carousel01-rect.jpg,www.yoursingapore.com/en/see-do-singapore/history/memorials/lim-bo-seng-memorial.html,The Lim Bo Seng Memorial commemorates one of Singapore's heroes from World War II.,NA,2015-10-26T15:07:36.240+08:00,1.288483,103.853027,The gazetted Lim Bo Seng Memorial at Esplanade Park commemorates one of Singapore’s heroes from World War II.,Daily,1.28848299967666,103.85302700021,tourist_spot.gif,0
Kranji War Memorial Landmark in Singapore,The Kranji War Memorial in Singapore honours the men and women from the Commonwealth who died in the line of duty during World War II.,9 Woodlands Road,http://bit.ly/19MZ0SB,www.yoursingapore.com/content/dam/desktop/global/see-do-singapore/history/kranji-war-memorial-carousel01-rect.jpg,www.yoursingapore.com/en/see-do-singapore/history/memorials/kranji-war-memorial.html,"The serene Kranji War Memorial, Singapore is a hillside cemetery set in a quiet neighbourhood.",NA,2015-10-26T15:19:50.818+08:00,1.41903,103.75749,The Kranji War Memorial in Singapore honours the men and women from the Commonwealth who died in the line of duty during World War II.,"Daily, 8am – 6.30pm",1.41903000036968,103.757489999988,tourist_spot.gif,NA
Indian National Army (INA) Monument in Singapore,This marker at Esplanade Park was one of the eleven World War II markers erected in 1995 to commemorate the 50th anniversary of the end of World War II.,Esplanade Park,http://www.nhb.gov.sg/places/historic-sites/indian-national-army-memorial,www.yoursingapore.com/content/dam/desktop/global/see-do-singapore/history/indian-national-army-carousel01-rect.jpg,www.yoursingapore.com/en/see-do-singapore/history/memorials/indian-national-army-monument.html,The Indian National Army Monument tells an intriguing story of Singapore's past.,NA,2015-10-26T15:02:55.258+08:00,1.289954,103.854217,The Indian National Army (INA) Monument at Esplanade Park is a memorial that was built in 1995 to mark the 50th anniversary of the end of World War II.,Daily,1.28995400011131,103.854217000232,tourist_spot.gif,0
Reflections at Bukit Chandu: Singapore War Memorial,"This heritage centre relives the Battle of Pasir Panjang, one of the fiercest battles fought against the Japanese in Singapore during World War II.",31-K Pepys Road,http://www.nhb.gov.sg/museums/reflections-at-bukit-chandu,www.yoursingapore.com/content/dam/desktop/global/see-do-singapore/history/reflections-at-bukit-chandu-carousel01-rect.jpg,www.yoursingapore.com/en/see-do-singapore/history/memorials/reflections-at-bukit-chandu.html,Reflections at Bukit Chandu is housed in a lovingly restored colonial bungalow.,Reflections at Bukit Chandu,2015-10-26T14:52:32.405+08:00,1.27954,103.79433,"Reflections at Bukit Chandu relives the Battle of Pasir Panjang, one of the fiercest battles fought against the Japanese in Singapore during World War II.","Tuesday to Sunday, 9am – 5.30pm,Closed on Monday (except on public holidays)",1.27953999979126,103.794330000358,tourist_spot.gif,NA
The Cenotaph - a Singapore War Memorial Landmark,This war memorial in Esplanade Park honours the heroes who fought and died during World War I and World War II.,"Esplanade Park, Connaught Drive",http://www.nhb.gov.sg/places/sites-and-monuments/national-monuments/esplanade-park-memorials,www.yoursingapore.com/content/dam/desktop/global/see-do-singapore/history/cenotaph-carousel01-rect.jpg,www.yoursingapore.com/en/see-do-singapore/history/memorials/cenotaph.html,"Surrounded by lush green, The Cenotaph sits at a quiet spot amid the city buzz.",NA,2015-10-26T15:16:16.699+08:00,1.290348,103.8538376,The Cenotaph in Singapore is a war memorial in Esplanade Park that honours the heroes who fought and died during World War I and World War II.,Daily,1.29034799969587,103.853837599664,tourist_spot.gif,0
The Civilian War Memorial park in Singapore,"Situated at the War Memorial Park in Beach Road, this memorial commemorates civilian victims of the Japanese Occupation in Singapore.",Bras Basah Road & Beach Road intersection,http://www.nhb.gov.sg/places/sites-and-monuments/national-monuments/civilian-war-memorial,NA,www.yoursingapore.com/en/see-do-singapore/history/memorials/civilian-war-memorial.html,NA,NA,2015-10-26T14:58:00.714+08:00,1.293123,103.854618,The Civilian War Memorial and park in Beach Road commemorates Singapore’s civilian victims of the Japanese Occupation during World War II.,Daily,1.29312299955316,103.854617999804,tourist_spot.gif,NA
Sri Veeramakaliamman Temple: Hindu Temple in Singapore,"Sri Veeramakaliamman Temple is one of Singapore’s oldest Hindu temples, in the heart of Little India.",141 Serangoon Road,http://www.sriveeramakaliamman.com/,www.yoursingapore.com/content/dam/desktop/global/see-do-singapore/culture-heritage/sri-veeramakaliamman-temple-carousel01-rect.jpg,www.yoursingapore.com/en/see-do-singapore/culture-heritage/places-of-worship/sri-veeramakaliamman-temple.html,The Sri Veeramakaliamman Temple is a distinctive landmark in the heart of Little India.,NA,2015-11-02T10:25:02.966+08:00,1.30779,103.85258,"Sri Veeramakaliamman Temple is one of Singapore’s oldest Hindu temples, in the heart of Little India.","Daily, 5.30am – 9.30pm",1.30778999979405,103.852579999889,tourist_spot.gif,NA
Maghain Aboth Synagogue,"The Maghain Aboth Synagogue is a gem in more ways than one, providing both a snapshot of history and a glimpse into a rich culture.",24/26 Waterloo Street,http://www.singaporejews.com,NA,www.yoursingapore.com/en/see-do-singapore/architecture/historical/maghain-aboth-synagogue.html,NA,NA,2015-11-02T10:18:20.061+08:00,1.29821,103.85081,The simple exterior of the Maghain Aboth Synagogue gives no indication of its richly elegant interiors.,"Visits are available only by appointment. For more information, email jewishwb@singnet.com.sg or call +65 6337 2189 (ext. 103)",1.29821000027423,103.850809999711,tourist_spot.gif,NA
Sultan Mosque (Masjid Sultan) Singapore,"Also known as Masjid Sultan, the impressive Sultan Mosque in historic Kampong Glam is the focal point for Singapore’s Muslim community.",3 Muscat Street,http://www.sultanmosque.org.sg,NA,www.yoursingapore.com/en/see-do-singapore/culture-heritage/places-of-worship/sultan-mosque.html,NA,NA,2015-11-02T10:27:45.190+08:00,1.302379,103.859171,The impressive Sultan Mosque (also known as Masjid Sultan) in historic Kampong Glam is the focal point for Singapore’s Muslim community.,"Monday to Sunday:9.30am – 12pm and 2pm – 4pm ,Friday:2.30pm – 4pm",1.30237899977357,103.859170999653,tourist_spot.gif,NA
Sri Mariamman Temple: Hindu Temple in Singapore,"Located in Chinatown, the Sri Mariamman Temple dates back to 1827 and is the oldest Hindu temple in Singapore.",244 South Bridge Road,http://heb.gov.sg/our-subsidiaries/temples/sri-mariamman-temple.aspx,www.yoursingapore.com/content/dam/desktop/global/see-do-singapore/culture-heritage/sri-mariamman-temple-carousel02-rect.jpg,www.yoursingapore.com/en/see-do-singapore/culture-heritage/places-of-worship/sri-mariamman-temple.html,Sri Mariamman Temple's ornate and elaborate detailing makes it a wonder to behold.,Joel Chua DY,2015-11-02T10:31:58.848+08:00,1.28243,103.84538,"Sri Mariamman Temple, located in Chinatown, is the oldest Hindu temple in Singapore.","Daily from 7am – 12pm, and 6pm – 9pm",1.28242999958171,103.845380000402,tourist_spot.gif,NA
Armenian Church in Singapore,The oldest Christian church in Singapore is an architectural masterpiece from the early 19th century.,60 Hill Street,http://www.armeniansinasia.org/,www.yoursingapore.com/content/dam/desktop/global/see-do-singapore/culture-heritage/armenian-church-carousel01-rect.jpg,www.yoursingapore.com/en/see-do-singapore/culture-heritage/places-of-worship/armenian-church.html,The Armenian Church in Singapore is a 19th-century architectural masterpiece.,Joel Chua DY,2015-11-02T10:34:55.710+08:00,1.29293,103.84966,The Armenian Church is the oldest Christian church in Singapore and an architectural masterpiece from the early 19th century.,"Daily, 9am –6pm",1.29292999984543,103.849659999877,tourist_spot.gif,NA
CHIJMES Singapore,"Whether functioning as a school or a lifestyle and entertainment complex, it appears the beauty of CHIJMES is only equalled by its versatility.",30 Victoria Street,http://chijmes.com.sg/,www.yoursingapore.com/content/dam/desktop/global/see-do-singapore/architecture/chijmes-carousel01-rect.jpg,www.yoursingapore.com/en/see-do-singapore/architecture/historical/chijmes.html,"The charm of CHIJMES, Singapore harks back to a bygone, gracious age.",NA,2015-11-02T10:13:35.220+08:00,1.29526,103.85168,"Who would have thought a former school would make such a graceful transition? As a lifestyle and entertainment complex, CHIJMES soars high above the rest.","Daily, 24 hours,Opening hours of businesses in CHIJMES may vary.",1.2952599995708,103.851680000315,tourist_spot.gif,NA
St Andrew’s Cathedral- Singapore Architecture Landmark,Singapore's largest cathedral is a stellar example of colonial-era architecture and heritage.,11 St Andrew's Road,http://www.livingstreams.org.sg/sac/visitors.html,www.yoursingapore.com/content/dam/desktop/global/see-do-singapore/culture-heritage/st-andrews-cathedral-temple-carousel01-rect-norender.jpg,www.yoursingapore.com/en/see-do-singapore/culture-heritage/places-of-worship/st-andrews-cathedral.html,Singapore's largest cathedral is worth a visit for its architectural beauty.,Saint Andrew's Cathedral,2015-11-02T10:22:49.830+08:00,1.29249,103.85231,St Andrew's Cathedral is Singapore's largest cathedral and a stellar example of colonial-era architecture and heritage.,"Monday to Saturday, 9am – 5pm",1.29248999968759,103.852309999652,tourist_spot.gif,NA
ArtScience Museum Singapore,Catch world-class touring exhibitions at this premier exhibition space.,6 Bayfront Ave,http://www.marinabaysands.com/museum.html,www.yoursingapore.com/content/dam/desktop/global/see-do-singapore/arts/art-science-musuem-carousel01-rect.jpg,www.yoursingapore.com/en/see-do-singapore/arts/museums-galleries/artscience-museum.html,The ArtScience Museum in Singapore hosts a variety of international touring exhibitions.,Vincent Chong,2015-11-02T18:21:50.005+08:00,1.28624,103.85929,Catch world-class touring exhibitions at the ArtScience Museum at Marina Bay Sands.,"Daily, 10am – 7pm, Last admission at 6pm",1.28624000003361,103.859289999805,tourist_spot.gif,NA
SAM at 8Q & Singapore Art Museum,"An extension of the Singapore Art Museum, SAM at 8Q features contemporary art exhibitions and is home to a Moving Image Gallery, where film screenings are held.",8 Queen Street,NA,www.yoursingapore.com/content/dam/desktop/global/see-do-singapore/arts/8q-sam-carousel01-rect.jpg,www.yoursingapore.com/en/see-do-singapore/arts/museums-galleries/8q-sam.html,SAM at 8Q is the funkier sister of the Singapore Art Museum.,8Q at SAM,2015-11-02T18:22:04.494+08:00,1.29731,103.85168,SAM at 8Q at the Singapore Art Museum showcases the works of Singapore contemporary artists.,"Monday to Thursday, 10am – 7pm, Friday, 10am – 9pm",1.29731000009506,103.851679999795,tourist_spot.gif,NA
Cruises from Singapore,"Watch the Singapore skyline disappear from view as you sail away into the horizon. As the gateway to Southeast Asia and the world, Singapore is the choice homeport of numerous cruise lines.",NA,NA,www.yoursingapore.com/content/dam/desktop/global/see-do-singapore/beyond-singapore/beyond-singapore-carousel01-rect.jpg,www.yoursingapore.com/en/see-do-singapore/beyond-singapore.html,NA,NA,2015-11-03T14:54:39.639+08:00,NA,NA,"Take these luxurious cruise liners from Singapore and visit lush tropical rainforests, colourful open air markets, mystifying ancient cities and white sand beaches.",NA,0,0,tourist_spot.gif,0
Jamae Mosque (Masjid Chulia) Singapore,"Also known as Masjid Chulia, Jamae Mosque is one of Singapore’s oldest mosques and a prominent landmark in Chinatown since the 1820s.",218 South Bridge Road,http://www.masjidjamaechulia.sg/,www.yoursingapore.com/content/dam/desktop/global/see-do-singapore/culture-heritage/jamae-mosque-carousel01-rect.jpg,www.yoursingapore.com/en/see-do-singapore/culture-heritage/places-of-worship/jamae-mosque.html,The Jamae Mosque in Singapore is one of the oldest mosques in Singapore.,NA,2015-11-03T10:25:29.354+08:00,1.28311,103.84554,Jamae Mosque (or Masjid Chulia) is one of Singapore’s oldest mosques and a prominent landmark in Chinatown since the 1820s.,Daily,1.28310999983478,103.845540000143,tourist_spot.gif,NA
Institute of Contemporary Arts Singapore,This experimental art space housed in a tertiary arts college will help you deepen your understanding of contemporary art.,"LASALLE College of the Arts, 1 McNally Street",https://www.lasalle.edu.sg/ICAS/About-ICAS,www.yoursingapore.com/content/dam/desktop/global/see-do-singapore/arts/institute-for-contemporary-art-carousel01-rect.jpg,www.yoursingapore.com/en/see-do-singapore/arts/performance-arts/institute-of-contemporary-arts.html,"Be inspired by the architecture and creativity at the Institute of Contemporary Arts, Singapore.",NA,2015-11-03T14:00:10.125+08:00,1.3029,103.8516,"Housed in a tertiary arts college, the Institute of Contemporary Arts Singapore will help you deepen your appreciation for experimental artworks.","Tuesday to Sunday, 12pm - 7pm, Closed on Monday and public holidays",1.30290000041802,103.851600000365,tourist_spot.gif,NA
Singapore Flyer,"This giant observation wheel offers 360-degree city views, a panorama that stretches to parts of Malaysia and Indonesia on a clear day.",30 Raffles Avenue,http://www.singaporeflyer.com,www.yoursingapore.com/content/dam/desktop/global/see-do-singapore/recreation-leisure/singapore-flyer-carousel01-rect-norender.jpg,www.yoursingapore.com/en/see-do-singapore/recreation-leisure/viewpoints/singapore-flyer.html,Marvel at spectacular panoramas of the city skyline from the Singapore Flyer.,Singapore Flyer,2015-11-03T17:55:41.364+08:00,1.289299,103.863137,"The Singapore Flyer not only offers you stunning views of the city, but is one of the city’s most recognisable architectural icons.","Daily, 8.30am - 10.30pm, (last admission: 10.15pm)",1.28929899960159,103.863136999855,tourist_spot.gif,NA
Marina Bay Sands®,"A feat of engineering, an architectural statement and a sheer aesthetic triumph, Marina Bay Sands<sup>®</sup> has upped the ante for buildings in Singapore.",10 Bayfront Avenue,http://www.marinabaysands.com,www.yoursingapore.com/content/dam/desktop/global/see-do-singapore/architecture/marina-bay-sands-carousel01-rect.jpg,www.yoursingapore.com/en/see-do-singapore/architecture/modern/marina-bay-sands.html,The breathtaking Marina Bay Sands is a sheer modern architectural triumph.,NA,2015-11-02T09:44:49.007+08:00,1.283456,103.86081,"Superlatives naturally spring to mind when beholding Marina Bay Sands®. Its bold, swooping curves, steep slopes, and soaring spaces defy gravity and evoke awe.","SkyPark<sup® Operating Hours - Monday to Thursday, 9:30am – 10pm, Friday to Sunday, 9:30am – 11pm, Shoppes Daily, 10am – 10pm (hours vary by store)",1.28345600006136,103.860809999759,tourist_spot.gif,NA
Marina Barrage,This innovative facility not only supplies water to Singaporeans and helps alleviate floods but also doubles up as a place for family fun.,8 Marina Gardens Drive,https://www.pub.gov.sg/marinabarrage,www.yoursingapore.com/content/dam/desktop/global/see-do-singapore/architecture/marina-barrage-carousel01-rect.jpg,www.yoursingapore.com/en/see-do-singapore/architecture/modern/marina-barrage.html,"More than just an ordinary dam, the Marina Barrage is an ideal recreational space.",Public Utilities Board,2015-11-02T09:24:23.885+08:00,1.28063,103.87159,The Marina Barrage not only supplies water to Singaporeans and helps alleviate floods but also doubles up as a place for family fun.,"Marina Barrage - All day  Information Counter Daily, 9am – 9pm",1.28063000032856,103.871590000386,tourist_spot.gif,NA
Henderson Waves Bridge,Lush jungle is broken up with a seriously creative twist in the fantastic form of the Henderson Waves bridge.,Henderson Road,http://www.nparks.gov.sg,www.yoursingapore.com/content/dam/desktop/global/see-do-singapore/architecture/henderson-waves-carousel01-rect.jpg,www.yoursingapore.com/en/see-do-singapore/architecture/modern/henderson-waves.html,"Explore some of the city’s best parks and trails, such as the Southern Ridges Walk.",Andrew Tan,2015-11-02T09:47:06.929+08:00,1.2762425,103.8152539,"With the Henderson Waves bridge, form meets function to stunning effect.","Daily, 24 hours",1.27624249994512,103.815253900218,tourist_spot.gif,0
Labrador Nature Reserve,"With its rich biodiversity and war relics, nature lovers and history enthusiasts will find plenty to do at Labrador Nature Reserve.",Labrador Villa Road,http://www.nparks.gov.sg/cms/index.php?option=com_visitorsguide&task=naturereserves&id=48,www.yoursingapore.com/content/dam/desktop/global/see-do-singapore/nature-wildlife/labrador-nature-reserve-carousel01-rect.jpg,www.yoursingapore.com/en/see-do-singapore/nature-wildlife/reserves/labrador-nature-reserve.html,Labrador Nature Reserve in Singapore is a beautiful park that is rich with biodiversity.,National Parks Board,2015-03-30T12:57:27.648+08:00,1.265833,103.801944,"With its rich biodiversity and war relics, nature lovers and history enthusiasts will find plenty to do at Labrador Nature Reserve.",NA,1.26583300032741,103.801943999568,tourist_spot.gif,NA
Marina Bay Singapore: Attractions & Things to do,"Marina Bay represents all things modern and super-stylish, from trendy dining destinations to exciting leisure spots.",11 Marina Boulevard,http://www.marina-bay.sg,www.yoursingapore.com/content/dam/desktop/global/see-do-singapore/places-to-see/marina-bay-area-carousel01-rect.jpg,www.yoursingapore.com/en/see-do-singapore/places-to-see/marina-bay-area.html,Marina Bay Sands® is an integrated resort with experiences like no other.,NA,2015-07-23T09:42:57.583+08:00,1.2802848,103.856454,"Marina Bay represents all things modern and super-stylish in Singapore, from trendy dining destinations to fun leisure spots.",NA,1.280284800323,103.856454000152,tourist_spot.gif,NA
"Marina Bay Sands, Singapore","This iconic integrated resort boasts luxury accommodations, upscale shopping and an infinity pool with unparalleled views of the city.",10 Bayfront Avenue,http://www.marinabaysands.com/index.html,www.yoursingapore.com/content/dam/desktop/global/see-do-singapore/recreation-leisure/marina-bay-sands-carousel01-rect.jpg,www.yoursingapore.com/en/see-do-singapore/recreation-leisure/resorts/marina-bay-sands.html,NA,NA,2015-09-01T15:35:42.052+08:00,1.2838785,103.85899,"Marina Bay Sands® boasts luxury accommodations, upscale shopping and an infinity pool with unparalleled views of the city.",Opening hours varies. Please visit the official website for more information.,1.28387850035038,103.858990000433,tourist_spot.gif,NA
Chek Jawa,"A world away from shopping malls and glitzy hotels, this natural wonder is one of Singapore’s richest eco-systems.","Chek Jawa, Pulau Ubin",https://www.nparks.gov.sg/gardens-parks-and-nature/parks-and-nature-reserves/pulau-ubin-and-chek-jawa/what-to-see/about-chek-jawa,www.yoursingapore.com/content/dam/desktop/global/see-do-singapore/nature-wildlife/chek-jawa-carousel03-rect-norender.jpg,www.yoursingapore.com/en/see-do-singapore/nature-wildlife/reserves/chek-jawa.html,Bird lovers can spot rare species from a 21-metre tall viewing tower at Chek Jawa.,National Parks Board,2015-09-07T14:06:03.482+08:00,1.407866,103.96371,"A world away from shopping malls and glitzy hotels, the natural wonder of Chek Jawa is one of Singapore’s richest eco-systems.",NA,1.40786599955602,103.963709999858,tourist_spot.gif,0
"Merlion Park, Singapore: Attractions & Things to Do","Half-fish and half-lion, the iconic Merlion resides at the waterfront Merlion Park.",One Fullerton,NA,www.yoursingapore.com/content/dam/desktop/global/see-do-singapore/recreation-leisure/merlion-park-skypark-carousel01-rect.jpg,www.yoursingapore.com/en/see-do-singapore/recreation-leisure/viewpoints/merlion-park.html,Come and see the Singapore icon that is half-fish and half-lion at the Merlion Park.,NA,2015-10-06T17:28:25.792+08:00,1.286862,103.854552,"Merlion Park houses a Singapore icon that is half-fish and half-lion, and famous throughout the world.",NA,1.28686200021791,103.85455200031,tourist_spot.gif,NA
Marina Bay Sands® SkyPark,"The Marina Bay Sands<sup>®</sup> SkyPark is a roof like no other, perched 200 metres in the air with an infinity pool and observation deck in the clouds.","Level 57, 10 Bayfront Avenue",http://www.marinabaysands.com/sands-skypark.html,www.yoursingapore.com/content/dam/desktop/global/see-do-singapore/recreation-leisure/marina-bay-sands-skypark-carousel01-rect.jpg,www.yoursingapore.com/en/see-do-singapore/recreation-leisure/viewpoints/marina-bay-sands-skypark.html,Take in stunning views from an infinity pool and observation deck in the clouds at the Marina Bay Sands SkyPark.,Andrew Tan,2015-09-28T18:27:45.210+08:00,1.283456,103.86081,"The Marina Bay Sands<sup>®</sup> SkyPark is a roof like no other, perched 200 metres in the air with an infinity pool and observation deck in the clouds.","Monday to Thursday, 9.30am - 10pm.Friday to Sunday, 9.30am - 11pm",1.28345600006136,103.860809999759,tourist_spot.gif,NA
"Resorts World Sentosa, Singapore",Experience endless excitement at Resorts World Sentosa with a variety of attractions and entertainment hot spots.,"8 Sentosa Gateway, Sentosa Island",http://www.rwsentosa.com,www.yoursingapore.com/content/dam/desktop/global/see-do-singapore/recreation-leisure/resorts-world-sentosa-carousel01-rect.jpg,www.yoursingapore.com/en/see-do-singapore/recreation-leisure/resorts/resorts-world-sentosa.html,"From world-class theme parks to celebrity restaurants, Resorts World Sentosa has it all.",Resort World Sentosa,2015-09-28T18:21:18.109+08:00,1.25675,103.82033,"Whether it’s themes parks, world-class performances or celebrity restaurants, you’ll never run out of things to do at Resorts World™ Sentosa.",Opening hours differ for the various attractions.,1.25675000007093,103.820329999875,tourist_spot.gif,NA
Singapore Garden & Singapore Park,This 10-km stretch of connecting trails lets you walk among the trees to observe a wide variety of flora and fauna in their natural habitat.,"Henderson Road, Mount Faber Park, Telok Blangah Hill Park",NA,www.yoursingapore.com/content/dam/desktop/global/see-do-singapore/recreation-leisure/resorts-world-sentosa-carousel01-rect.jpg,www.yoursingapore.com/en/see-do-singapore/nature-wildlife/parks-gardens/the-southern-ridges.html,"From world-class theme parks to celebrity restaurants, Resorts World Sentosa has it all.",Resort World Sentosa,2015-09-09T09:59:33.518+08:00,1.280569,103.817589,The Southern Ridges is a 10-km stretch of connecting trails which lets you walk among the trees to observe a wide variety of flora and fauna in their natural habitat.,NA,1.2805689998981,103.817588999903,tourist_spot.gif,NA
Sungei Buloh,This ecological wonder will transport you into a world rich in animal and plant life.,301 Neo Tiew Crescent,https://www.nparks.gov.sg/sbwr,www.yoursingapore.com/content/dam/desktop/global/see-do-singapore/nature-wildlife/the-southern-ridges-carousel01-rect.jpg,www.yoursingapore.com/en/see-do-singapore/nature-wildlife/reserves/sungei-buloh-wetland-reserve.html,Get up close with a wide variety of flora and fauna in their natural habitat at this Singapore Garden.,National Parks Board,2015-10-02T15:32:19.572+08:00,1.44672,103.730149,The ecological wonder of Sungei Buloh will transport you into a world rich in animal and plant life.,NA,1.44672000006097,103.730149000125,tourist_spot.gif,NA
S.E.A. Aquarium,"Immerse yourself underwater at the S.E.A. Aquarium™ and discover more than 100,000 marine animals.","8 Sentosa Gateway, Sentosa Island",http://www.rwsentosa.com/language/en-US/Homepage/Attractions/MarineLifePark,www.yoursingapore.com/content/dam/desktop/global/see-do-singapore/nature-wildlife/sungei-buloh-wetland-reserve-carousel01-rect.jpg,www.yoursingapore.com/en/see-do-singapore/nature-wildlife/fun-with-animals/sea-aquarium.html,Explore a world rich with animal and plant life at the Sungei Buloh Wetland Reserve.,NA,2015-10-02T15:23:07.822+08:00,1.2573549,103.8194932,Immerse yourself underwater at the S.E.A. Aquarium™ and take a look into the planet’s largest window to the ocean.,Open daily at 10am.Closing time varies. Please visit the official website for more information.,1.25735490022345,103.819493200237,tourist_spot.gif,NA
Singapore Botanic Gardens,"Singapore’s oldest garden is a treasure trove for plant lovers, or those who simply want to have a good time outdoors.",1 Cluny Road,http://www.sbg.org.sg,www.yoursingapore.com/content/dam/desktop/global/see-do-singapore/nature-wildlife/singapore-botanic-gardens-carousel01-rect.jpg,www.yoursingapore.com/en/see-do-singapore/nature-wildlife/parks-gardens/singapore-botanic-gardens.html,NA,NA,2015-10-02T15:27:52.272+08:00,1.31384,103.815914,"Singapore’s Botanic Gardens is a treasure trove for plant lovers, or those who simply want to have a good time outdoors.","Singapore Botanic Gardens Daily, 5am - 12am National Orchid Garden Daily, 8.30am - 7pm(last ticket sales at 6pm)Jacob Ballas Children's Garden Tuesday to Sunday, 8am - 7pm(last admission: 6.30pm)Closed every Monday (except when it falls on a designated public holiday)SBG Heritage MuseumDaily*, 9am - 6pm*Closed every last Monday of the month (except when it falls on a designated public holiday, it will be closed the following day)",1.3138400004264,103.815913999691,tourist_spot.gif,NA
Singapore Zoo: Attractions & Things to Do,"Singapore’s zoo is a beautiful, award-winning wildlife park, where animals can roam freely in their natural habitats.",80 Mandai Lake Road,http://www.zoo.com.sg,www.yoursingapore.com/content/dam/desktop/global/see-do-singapore/nature-wildlife/singapore-zoo-carousel04-rect.jpg,www.yoursingapore.com/en/see-do-singapore/nature-wildlife/fun-with-animals/singapore-zoo.html,The award-winning Singapore Zoo lets you see your favourite animals in all their natural wonder.,Wildlife Reserves Singapore,2015-09-22T09:45:21.173+08:00,1.404348,103.793023,Catch animals in their natural habitats at the award-winning Singapore Zoo.,"Daily, 8.30am – 6pm(last ticket sale at 5.30pm)",1.40434800015674,103.793023000234,tourist_spot.gif,NA
River Safari Singapore,"At the River Safari Singapore, meet manatees and monkeys, piranhas and pandas, as they congregate in and around the park’s waters.",80 Mandai Lake Road,http://www.riversafari.com.sg,www.yoursingapore.com/content/dam/desktop/global/see-do-singapore/nature-wildlife/river-safari-singapore-carousel01-rect.jpg,www.yoursingapore.com/en/see-do-singapore/nature-wildlife/fun-with-animals/river-safari-singapore.html,"Meet manatees, monkeys and more as you ride the world's rivers at River Safari, Singapore.",NA,2015-09-22T10:33:35.047+08:00,1.403732,103.789423,The River Safari Singapore is a fascinating new wildlife park that recreates life in and around the world’s rivers.,"Daily, 10am - 7pm",1.40373199986996,103.789423000127,tourist_spot.gif,NA
Cable Car Singapore & Mount Faber,Getting to this hilltop dining and entertainment spot at Mount Faber by cable car  is half the fun.,109 Mount Faber Road,http://www.mountfaber.com.sg/,www.yoursingapore.com/content/dam/desktop/global/see-do-singapore/nature-wildlife/mount-faber-carouse01-rect.jpg,www.yoursingapore.com/en/see-do-singapore/nature-wildlife/parks-gardens/mount-faber.html,Spend a unique evening overlooking spectacular views on a cable car in Singapore's Mount Faber.,NA,2015-10-02T15:13:15.155+08:00,1.2713746,103.8192057,Getting to the hilltop dining and entertainment spot at Mount Faber by cable car is half the fun.,NA,1.27137459956524,103.819205699928,tourist_spot.gif,0
"Night Safari, Singapore","Instead of going to a club, pop into another popular nightspot, the Night Safari, and mingle with a different crowd of animals at this special zoo.",80 Mandai Lake Road,http://www.nightsafari.com.sg,www.yoursingapore.com/content/dam/desktop/global/see-do-singapore/nature-wildlife/night-safari-carousel01-rect.jpg,www.yoursingapore.com/en/see-do-singapore/nature-wildlife/fun-with-animals/night-safari.html,"Enter a world of nocturnal creatures at the Night Safari, Singapore.",NA,2015-10-02T15:15:50.135+08:00,1.402187,103.788061,Head to the Night Safari for an after dark visit to the weird and wonderful creatures of the night.,"Daily, 7.30pm - 12am .Last ticket sale at 11.15pm.F and B and retail outlets open from 5.30pm",1.40218700030717,103.788061000138,tourist_spot.gif,NA
Pulau Ubin & Singapore Islands,"Gravel roads, lush forests and abundant wildlife – Pulau Ubin is a living showcase of what Singapore was like in the 1960s.",Pulau Ubin,http://www.nparks.gov.sg/cms/index.php?option=com_visitorsguide&task=parks&id=29&Itemid=73,NA,www.yoursingapore.com/en/see-do-singapore/nature-wildlife/singapore-islands/pulau-ubin.html,NA,NA,2015-10-02T15:18:44.241+08:00,1.4137409,103.9592605,"Hop on a bumboat to the island of Pulau Ubin if you want a taste of nature and rustic village life, away from the hustle and bustle of Singapore.",NA,1.41374090015796,103.959260500306,tourist_spot.gif,0
Little India Singapore: History & Culture,Little India is a buzzing historic area that shows off the best of Singapore’s Indian community from vibrant culture to incredible shopping.,60 Bukit Timah Road,http://www.littleindia.com.sg/,www.yoursingapore.com/content/dam/desktop/global/see-do-singapore/places-to-see/little-india-carousel01-rect.jpg,www.yoursingapore.com/en/see-do-singapore/places-to-see/little-india.html,"Immerse yourself in the rich culture of Little India, Singapore.",NA,2015-10-12T15:10:33.979+08:00,1.30723,103.84982,"Little India is a buzzing historic district that shows off the best of Singapore’s Indian community, from vibrant culture to ethnic-inspired shopping.",NA,1.30722999985622,103.849819999951,tourist_spot.gif,NA
"Orchard Road, Singapore: Asia's Most Famous Shopping Street","Orchard Road, Asia’s most famous shopping street, is home to fashion favourites, specialist stores and loads of other lifestyle choices.",437 Orchard Road,http://www.orchardroad.org/,www.yoursingapore.com/content/dam/desktop/global/see-do-singapore/places-to-see/orchard-carousel01-rect.jpg,www.yoursingapore.com/en/see-do-singapore/places-to-see/orchard.html,"Orchard Road, Singapore is nothing short of a shopper's paradise.",Goh Hak Liang,2015-10-14T14:29:19.486+08:00,1.30429,103.83249,"Don’t miss a trip to Orchard Road. Asia’s most famous shopping street is home to fashion favourites, specialist stores and loads of other lifestyle choices.",NA,1.30428999960905,103.83248999979,tourist_spot.gif,NA
MacRitchie Singapore & Singapore Nature Reserve,The attractions around MacRitchie Reservoir is a playground of nature for those who love the outdoors.,MacRitchie Reservoir Park,http://www.nparks.gov.sg/cms/macritchie.php?option=com_visitorsguide&task=naturereserves&id=49&Itemid=75,www.yoursingapore.com/content/dam/desktop/global/see-do-singapore/nature-wildlife/macritchie-nature-reserve-carousel01-rect.jpg,www.yoursingapore.com/en/see-do-singapore/nature-wildlife/reserves/macritchie-nature-reserve.html,MacRitchie Reservoir is nature’s playground for those who love the great outdoors.,NA,2015-10-15T18:52:17.740+08:00,1.344843,103.822346,"The attractions around MacRitchie Reservoir caters to fitness fanatics, water sports enthusiasts and nature lovers.",NA,1.34484299955763,103.822346000051,tourist_spot.gif,NA
Gardens by the Bay,"This sprawling garden in the city provides mesmerising waterfront views across three gardens, spanning over 101 hectares of reclaimed land.",18 Marina Gardens Drive,http://www.gardensbythebay.com.sg/en/home.html,www.yoursingapore.com/content/dam/desktop/global/see-do-singapore/nature-wildlife/gardens-by-the-bay-carousel02-rect.jpg,www.yoursingapore.com/en/see-do-singapore/nature-wildlife/parks-gardens/gardens-by-the-bay.html,Be mesmerised by stunning waterfront views at the award-winning horticultural destination that is Gardens by the Bay.,Derrick See,2015-10-19T15:26:06.746+08:00,1.281568,103.863613,"Gardens by the Bay provides mesmerising waterfront views across three gardens, spanning over 101 hectares of reclaimed land.","Bay South Outdoor Gardens Daily, 5am - 2am Cooled Conservatories and OCBC Skyway Daily, 9am - 9pm(last ticket sale at 8pm).Far East Organization Children's Garden Tuesday* to Friday, 10am - 7pm(last admission: 6.30pm)*Closed on Tuesday if a public holiday falls on the preceding Monday Weekends and public holidays, 9am - 9pm(last admission: 8.30pm)",1.2815679999757,103.863612999906,tourist_spot.gif,NA
"Civic District, Singapore","The Civic District is where Singapore’s historical, architectural and cultural heritage started.",150 North Bridge Road,NA,www.yoursingapore.com/content/dam/desktop/global/see-do-singapore/places-to-see/civic-district-carousel01-rect.jpg,www.yoursingapore.com/en/see-do-singapore/places-to-see/civic-district.html,"Immerse yourself in a day of history and culture at the Civic District, Singapore.",NA,2015-10-13T14:04:28.278+08:00,1.29324,103.85222,"The Civic District is where Singapore’s historical, architectural and cultural heritage starts.",NA,1.29324000004312,103.852220000008,tourist_spot.gif,NA
"HarbourFront, Singapore","HarbourFront is the place to go if you're hopping on a cruise from Singapore, taking a regional ferry or simply want to eat, shop or relax.",81 Telok Blangah Road,http://www.shba.org.sg/,www.yoursingapore.com/content/dam/desktop/global/see-do-singapore/places-to-see/harbourfront-carousel01-rect.jpg,www.yoursingapore.com/en/see-do-singapore/places-to-see/harbourfront.html,"HarbourFront, Singapore is your exciting gateway to entertainment and Singapore's outlying islands.",St. James Holdings Ltd,2015-10-12T15:30:50.116+08:00,1.26532,103.82057,"HarbourFront is the place to go if you're hopping on a cruise from Singapore, taking a ferry to the outlying islands or simply want to eat, shop or relax.",NA,1.26531999966937,103.82057000041,tourist_spot.gif,NA
"Bras Basah.Bugis, Singapore Cultural District","The Bras Basah.Bugis Precinct is the arts and heritage district in Singapore's civic centre, and home to museums and monuments.",220 Victoria Street,http://www.brasbasahbugis.sg/,www.yoursingapore.com/content/dam/desktop/global/see-do-singapore/places-to-see/bras-basah-bugis-carousel01-rect.jpg,www.yoursingapore.com/en/see-do-singapore/places-to-see/bras-basah-bugis.html,There’s nowhere else quite like shopping at Bugis.,NA,2015-10-12T15:34:32.303+08:00,1.30069,103.85624,"The Bras Basah.Bugis Precinct is the vibrant arts and cultural district in the heart of Singapore's civic centre, and home to top museums and monuments.",NA,1.30068999966651,103.856239999985,tourist_spot.gif,NA
National Gallery Singapore,Take in the region’s newest and largest museum of modern Singapore and Southeast Asian art housed within two of Singapore’s awe-inspiring national monuments.,1 St Andrew's Road,http://www.nationalgallery.sg,www.yoursingapore.com/content/dam/desktop/global/see-do-singapore/arts/1095-national-gallery-singapore-carousel-01-rec.jpg,www.yoursingapore.com/en/see-do-singapore/arts/museums-galleries/national-gallery-singapore.html,NA,©Darren Soh/National Gallery,2015-10-23T18:03:40.939+08:00,1.290141,103.851356,Take in the region’s newest and largest museum of modern Singapore and Southeast Asian art housed within two of Singapore’s awe-inspiring national monuments.,"Effective from 24 November 2015, Sunday to Thursday and  public holidays,10am - 7pm ,Friday to Saturday and  eve of public holidays, 10am - 10pm",1.29014099954902,103.851355999829,tourist_spot.gif,NA
Universal Studios Singapore™ Theme Park,Step into the glamorous world of movies at this world-class theme park located within Resorts World Sentosa™.,"8 Sentosa Gateway, Sentosa Island",http://www.rwsentosa.com/language/en-US/Homepage/Attractions/UniversalStudiosSingapore,www.yoursingapore.com/content/dam/desktop/global/see-do-singapore/recreation-leisure/universal-studios-singapore-carousel01-rect.jpg,www.yoursingapore.com/en/see-do-singapore/recreation-leisure/fun-things-to-do/universal-studios-singapore.html,Southeast Asia's first Hollywood movie theme park offers a dizzying selection of entertainment offerings.,NA,2015-09-29T15:30:43.563+08:00,1.254042,103.823808,Universal Studios Singapore™ at Resorts World™ Sentosa is a movie-themed entertainment park that the whole family can enjoy.,Open daily at 10am.Closing time varies. Please visit the official website for more information.,1.25404199966783,103.823807999914,tourist_spot.gif,NA
Singapore Science Centre,This enlightening attraction holds the largest collection of educational materials devoted to science in Singapore.,15 Science Centre Road,http://www.science.edu.sg/Pages/SCBHome.aspx,NA,www.yoursingapore.com/en/see-do-singapore/recreation-leisure/fun-things-to-do/science-centre.html,Adults and kids of all ages who are not even science buffs will have fun at the Singapore Science Centre.,NA,2015-09-22T10:24:38.376+08:00,1.33295,103.735872,Singapore Science Centre holds the largest collection of educational materials devoted to science in the country.,"Science Centre Singapore Daily, 10am – 6pm(last admission: 5.15pm) .Omni Theatre Daily, 12pm – 6pm (last show: 6pm) . Snow City Daily, 10am – 6pm (last admission: 5pm) School and public holidays, 10am – 7pm (last admission: 6pm)",1.33294999981986,103.735872000336,tourist_spot.gif,NA
Fuk Tak Chi Museum & Places of Interest,Fuk Tak Chi Museum was once the oldest Chinese temple in Singapore and is an elegant example of restored architecture in Chinatown.,76 Telok Ayer Street,http://www.fareastsquare.com.sg/home/index.aspx?key=fuktakchimuseum,www.yoursingapore.com/content/dam/desktop/global/see-do-singapore/culture-heritage/fuk-tak-chi-carousel02-rect.jpg,www.yoursingapore.com/en/see-do-singapore/culture-heritage/heritage-discovery/fuk-tak-chi-museum.html,Marvel at the Fuk Tak Chi Museum's carefully restored architecture in the heart of Chinatown.,Joel Chua DY,2015-09-08T15:13:53.486+08:00,1.28292,103.84887,Fuk Tak Chi Museum was once the oldest Chinese temple in Singapore and is an elegant example of restored architecture in Chinatown.,"Daily, 10am – 10pm",1.28291999992317,103.84887000001,tourist_spot.gif,NA
Katong Antique House Singapore: Peranakan Heritage,"Step into this fully restored bona fide Peranakan family home, and admire the many antiques and heirlooms worthy of any museum collection.",208 East Coast Road,NA,www.yoursingapore.com/content/dam/desktop/global/see-do-singapore/culture-heritage/katong-antique-house-carousel01-rect.jpg,www.yoursingapore.com/en/see-do-singapore/culture-heritage/heritage-discovery/katong-antique-house.html,Marvel at antiques and heirlooms worthy of any museum collection at the Katong Antique House.,NA,2015-09-08T14:39:06.950+08:00,1.30726,103.90714,"Step into this fully restored bona fide Peranakan family home, and admire the many antiques and heirlooms worthy of any museum collection.","Daily, 11am – 4.30pm",1.30725999966526,103.907139999936,tourist_spot.gif,NA
Chinese Garden Singapore,A tranquil patch of imperial China in the west of Singapore is pleasant respite from the bustle of the city.,1 Chinese Garden Road,http://www.nhb.gov.sg/resources/virtual-exhibitions-and-tours/walking-through-heritage/chinese-garden,www.yoursingapore.com/content/dam/desktop/global/see-do-singapore/nature-wildlife/chinese-garden-carousel01-rect.jpg,www.yoursingapore.com/en/see-do-singapore/nature-wildlife/parks-gardens/chinese-garden.html,"Step back in time to ancient China at the beautiful Chinese Garden, Singapore.",Vincent Chong,2015-10-02T11:19:38.384+08:00,1.338611,103.73,A tranquil patch of imperial China in the west of Singapore is pleasant respite from the bustle of the city.,"Daily, 6am – 11pm",1.33861100024931,103.729999999805,tourist_spot.gif,NA
East Coast Park Singapore,"With so many attractions packed into this 15-km stretch of beaches, you’ll never run out of things to do.",Along East Coast Parkway and East Coast Park Service Road,http://www.nparks.gov.sg/cms/index.php?option=com_visitorsguide&task=parks&id=14&Itemid=371,www.yoursingapore.com/content/dam/desktop/global/see-do-singapore/nature-wildlife/east-coast-park-carousel03-rect.jpg,www.yoursingapore.com/en/see-do-singapore/nature-wildlife/parks-gardens/east-coast-park.html,"Whether you prefer water sports, rollerblading or cycling, find a myriad of things to do at East Coast Park, Singapore.",Joel Chua DY,2015-10-02T14:29:32.607+08:00,1.300784,103.912187,"With so many attractions packed into the 15-km stretch of beaches at East Coast Park, you’ll never run out of things to do.",NA,1.30078400007147,103.912187000398,tourist_spot.gif,0
Fort Canning Park,"Whether you’re a history buff, music fan or nature lover, this historic landmark on a hill is full of surprises.","Bounded by Hill Street, Canning Rise, Clemenceau Avenue and River Valley Road",http://www.nparks.gov.sg/cms/index.php?option=com_visitorsguide&task=parks&id=16Th,www.yoursingapore.com/content/dam/desktop/global/see-do-singapore/nature-wildlife/fort-canning-park-carousel01-rect.jpg,www.yoursingapore.com/en/see-do-singapore/nature-wildlife/parks-gardens/fort-canning-park.html,"Take a stroll back in time at Fort Canning Park, Singapore - a landmark full of history.",Joel Chua DY,2015-10-02T14:32:42.018+08:00,1.295382,103.846509,"Whether you’re a history buff, music fan or nature lover, this historic Fort Canning Park has something for everyone.",NA,1.2953819999981,103.846509000128,tourist_spot.gif,NA
"Kusu Island, Singapore","If you’re looking for local heritage off the beaten track with a good dash of nature, Kusu Island hits the spot.",Kusu Island,http://www.sentosa.com.sg/en/nature/southern-islands/kusu-island/,NA,www.yoursingapore.com/en/see-do-singapore/nature-wildlife/singapore-islands/kusu-island.html,NA,NA,2015-09-09T09:44:33.992+08:00,1.2230965,103.8605232,"Kusu Island lies to the south of Singapore, and has a wonderful mix of local heritage and beach activities.",NA,1.22309649975255,103.860523199782,tourist_spot.gif,NA
"Jurong Bird Park, Singapore: Attractions & Things to Do","Jurong Bird Park has almost every species to impress avian lovers, along with fun exhibits, interactive shows, and of course, its charming residents.",2 Jurong Hill,http://www.birdpark.com.sg,www.yoursingapore.com/content/dam/desktop/global/see-do-singapore/nature-wildlife/jurong-bird-park-carousel01-rect.jpg,www.yoursingapore.com/en/see-do-singapore/nature-wildlife/fun-with-animals/jurong-bird-park.html,Enjoy close encounters with some of our prettiest and rarest feathered friends at the Jurong Bird Park.,NA,2015-09-22T10:10:33.155+08:00,1.318706,103.706442,"Jurong Bird Park has almost every species to impress avian lovers, along with fun exhibits, interactive shows, and of course, its charming residents.","Daily, 8.30am - 6pm",1.31870600043617,103.706442000095,tourist_spot.gif,NA
HortPark,Lose yourself in this dreamscape of stunning gardens that will make you forget the bustle of city.,33 Hyderabad Road,http://www.nparks.gov.sg/cms/index.php?option=com_visitorsguide&task=parks&id=17&Itemid=73,www.yoursingapore.com/content/dam/desktop/global/see-do-singapore/nature-wildlife/hortpark-carousel01-rect.jpg,www.yoursingapore.com/en/see-do-singapore/nature-wildlife/parks-gardens/hortpark.html,"Escape the buzz of the city at HortPark, Singapore.",National Parks Board,2015-09-09T09:47:25.899+08:00,1.279069,103.799724,HortPark is a gorgeous collection of stunning gardens and plants that will make you  forget about the bustle of city.,"Daily, 6am –10pm",1.27906900022483,103.799723999919,tourist_spot.gif,NA
Adventure Cove Waterpark™ Singapore,Make a big splash at this aquatic adventure park at Resorts World™ Sentosa.,"8 Sentosa Gateway, Sentosa Island",http://www.rwsentosa.com/language/en-US/Homepage/Attractions/MarineLifePark/AdventureCoveWaterpark,www.yoursingapore.com/content/dam/desktop/global/see-do-singapore/recreation-leisure/adventure-cove-carousel01-rect.jpg,www.yoursingapore.com/en/see-do-singapore/recreation-leisure/fun-things-to-do/adventure-cove.html,"Adventure Cove Waterpark™, Singapore is the perfect place to have fun with loved ones.",NA,2015-09-23T19:20:35.693+08:00,1.2573388,103.8195254,Adventure Cove Waterpark™ Singapore at Resorts World™ Sentosa promises a day of wet and wild fun in the sun.,"Daily, 10am – 6pm",1.25733879998354,103.819525400048,tourist_spot.gif,NA
Lasalle College of the Arts,How can something that fits so perfectly into a cityscape evoke nature as well? It all lies in the design of Lasalle College of the Arts.,1 McNally Street,https://www.lasalle.edu.sg,www.yoursingapore.com/content/dam/desktop/global/see-do-singapore/architecture/lasalle-college-of-the-arts-carousel01-rect.jpg,www.yoursingapore.com/en/see-do-singapore/architecture/modern/lassalle-college-of-the-arts.html,Lasalle College of the Arts pushes the boundaries of creativity in architecture.,NA,2015-09-24T12:37:44.129+08:00,1.3029,103.8516,How can something that fits so perfectly into a cityscape evoke nature as well? It all lies in the design of Lasalle College of the Arts.,"Administration Office Monday to Friday, 9am – 6pm.Visitors can still walk around the campus after office opening hours.",1.30290000041802,103.851600000365,tourist_spot.gif,NA
Singapore River: History & Culture Tours,"Get to know historic Singapore River and its famous quays: Boat Quay, Clarke Quay and Robertson Quay. After all, this is where it all began.",10 Eu Tong Sen Street,http://singapore-river.com/,www.yoursingapore.com/content/dam/desktop/global/see-do-singapore/places-to-see/singapore-river-carousel01-rect.jpg,www.yoursingapore.com/en/see-do-singapore/places-to-see/singapore-river.html,Take a stroll along the Singapore River and see how the city came to be.,NA,2015-10-12T15:16:52.053+08:00,1.28848,103.84676,"Get to know the historic Singapore River and its famous quays: Boat Quay, Clarke Quay and Robertson Quay. This, after all, is where it all began.",NA,1.28848000019663,103.846759999839,tourist_spot.gif,NA
Joo Chiat/Katong: Singapore Peranakan Neighbourhood,"Discover Peranakan culture as you stroll past heritage shophouses, quaint stores and eateries in this charming corner of eastern Singapore.",113 East Coast Road,NA,www.yoursingapore.com/content/dam/desktop/global/see-do-singapore/places-to-see/joochiat-katong-carousel01-rect.jpg,www.yoursingapore.com/en/see-do-singapore/places-to-see/joochiat-katong.html,Spend a day exploring heritage shophouses and quaint stores at Joo Chiat/Katong.,NA,2015-10-12T15:49:21.359+08:00,1.30589,103.90448,"Discover Peranakan culture as you stroll past heritage shophouses, quaint stores and eateries in Joo Chiat/Katong, a charming corner of eastern Singapore.",NA,1.30588999975021,103.904480000301,tourist_spot.gif,NA
"Sentosa Island, Singapore: Leisure & Attractions","Sentosa Island is Singapore’s favourite leisure destination with exciting attractions, golden beaches, luxe retreats and the country’s first integrated resort.",33 Allanbrooke Road,http://www.sentosa.com.sg,www.yoursingapore.com/content/dam/desktop/global/see-do-singapore/places-to-see/sentosa-carousel01-rect-norender.jpg,www.yoursingapore.com/en/see-do-singapore/places-to-see/sentosa.html,"Get ready for laughs, thrills and loads of fun in the sun at Sentosa Island.",NA,2015-10-12T15:13:28.117+08:00,1.24883,103.82809,"Sentosa Island is Singapore’s favourite leisure destination, with more than 500 hectares filled with exciting attractions, golden beaches, luxe retreats and the country’s first integrated resort, Resorts World Sentosa.",NA,1.24882999996213,103.828089999856,tourist_spot.gif,NA
Chinatown Singapore: History & Culture,"Singapore’s historic Chinatown is a bustling mix of old and new, filled with traditional shops and markets as well as cool stores and cafes.",2 Banda Street,http://www.chinatown.sg/,www.yoursingapore.com/content/dam/desktop/global/see-do-singapore/places-to-see/chinatown-carousel01-rect.jpg,www.yoursingapore.com/en/see-do-singapore/places-to-see/chinatown.html,"Chinatown, Singapore is a bustling mix of old-world charm and modern delights.",NA,2015-10-12T14:54:36.802+08:00,1.2817,103.843771,"Singapore’s legendary Chinatown is a bustling mix of old and new, filled with traditional shops and night markets as well as cool stores and cafes.",NA,1.28169999971581,103.843771000142,tourist_spot.gif,NA
Buddha Tooth Relic Temple & Museum in Singapore,This Tang-styled Chinese Buddhist temple in Chinatown gets its name from what the Buddhists regard as the Sacred Buddha Tooth Relic.,288 South Bridge Road,http://www.btrts.org.sg/,NA,www.yoursingapore.com/en/see-do-singapore/culture-heritage/places-of-worship/buddha-tooth-relic-temple-museum.html,NA,NA,2015-11-02T10:18:49.556+08:00,1.28162,103.84438,The Buddha Tooth Relic Temple & Museum is a Tang-styled Chinese Buddhist temple in Chinatown that gets its name from the Sacred Buddha Tooth Relic.,"Daily, 7am – 7pm",1.28161999973785,103.844379999593,tourist_spot.gif,NA
